"","p_val","avg_log2FC","pct.1","pct.2","p_val_adj","gene","comparison","status"
"CD5.1",0,-1.06266132436899,0.214,0.471,0,"CD5.1","AS_Group_MemoryCD4_vs_Healthy_MemoryCD4","downregulated in diseased group"
"CD321",0,-1.14843791067681,0.214,0.469,0,"CD321","AS_Group_MemoryCD4_vs_Healthy_MemoryCD4","downregulated in diseased group"
"CD54",0,-1.0079571735558,0.213,0.466,0,"CD54","AS_Group_MemoryCD4_vs_Healthy_MemoryCD4","downregulated in diseased group"
"CD3",0,-1.00390112936197,0.211,0.463,0,"CD3","AS_Group_MemoryCD4_vs_Healthy_MemoryCD4","downregulated in diseased group"
"CD55.1",0,-1.00362266944796,0.212,0.461,0,"CD55.1","AS_Group_MemoryCD4_vs_Healthy_MemoryCD4","downregulated in diseased group"
"TCRVbeta13.1",0,-1.20398449551449,0.209,0.455,0,"TCRVbeta13.1","AS_Group_MemoryCD4_vs_Healthy_MemoryCD4","downregulated in diseased group"
"CD218a-IL-18Ralpha",0,-1.2155955960816,0.21,0.455,0,"CD218a-IL-18Ralpha","AS_Group_MemoryCD4_vs_Healthy_MemoryCD4","downregulated in diseased group"
"CD32",0,-1.11245636070478,0.208,0.453,0,"CD32","AS_Group_MemoryCD4_vs_Healthy_MemoryCD4","downregulated in diseased group"
"CD11a",0,-1.01360185751062,0.209,0.451,0,"CD11a","AS_Group_MemoryCD4_vs_Healthy_MemoryCD4","downregulated in diseased group"
"CD93.1",0,-1.32320173523323,0.208,0.448,0,"CD93.1","AS_Group_MemoryCD4_vs_Healthy_MemoryCD4","downregulated in diseased group"
"CD26",0,-1.48995257868605,0.189,0.423,0,"CD26","AS_Group_MemoryCD4_vs_Healthy_MemoryCD4","downregulated in diseased group"
"Iglightchainlambda",0,-1.7381293429588,0.186,0.417,0,"Iglightchainlambda","AS_Group_MemoryCD4_vs_Healthy_MemoryCD4","downregulated in diseased group"
"CD116",0,-1.33266773823592,0.198,0.426,0,"CD116","AS_Group_MemoryCD4_vs_Healthy_MemoryCD4","downregulated in diseased group"
"CD31",0,-1.1744240247961,0.193,0.416,0,"CD31","AS_Group_MemoryCD4_vs_Healthy_MemoryCD4","downregulated in diseased group"
"CD127-IL-7Ralpha",0,-1.30252489978933,0.169,0.383,0,"CD127-IL-7Ralpha","AS_Group_MemoryCD4_vs_Healthy_MemoryCD4","downregulated in diseased group"
"IgM",0,-1.90596630022785,0.157,0.369,0,"IgM","AS_Group_MemoryCD4_vs_Healthy_MemoryCD4","downregulated in diseased group"
"Iglightchainkappa",0,-1.45210304536585,0.172,0.38,0,"Iglightchainkappa","AS_Group_MemoryCD4_vs_Healthy_MemoryCD4","downregulated in diseased group"
"PNN",0,-1.0925665262527,0.393,0.594,0,"PNN","AS_Group_MemoryCD4_vs_Healthy_MemoryCD4","downregulated in diseased group"
"IgGFc",0,-2.06054694903971,0.109,0.293,0,"IgGFc","AS_Group_MemoryCD4_vs_Healthy_MemoryCD4","downregulated in diseased group"
"CD8",6.27841249283822e-306,-1.04239365954117,0.188,0.413,1.73999923826518e-301,"CD8","AS_Group_MemoryCD4_vs_Healthy_MemoryCD4","downregulated in diseased group"
"XIST",2.81687223381143e-300,-1.49009543963301,0.256,0.45,7.806679708785e-296,"XIST","AS_Group_MemoryCD4_vs_Healthy_MemoryCD4","downregulated in diseased group"
"CD317-BST2-Tetherin",6.77385500130786e-273,-1.03404990083344,0.19,0.404,1.87730617506246e-268,"CD317-BST2-Tetherin","AS_Group_MemoryCD4_vs_Healthy_MemoryCD4","downregulated in diseased group"
"TCRVgamma9",7.44447543859482e-273,-1.03200942491276,0.178,0.391,2.06316192305217e-268,"TCRVgamma9","AS_Group_MemoryCD4_vs_Healthy_MemoryCD4","downregulated in diseased group"
"CD28.1",3.87006146593568e-270,-1.15673397962428,0.162,0.355,1.07254883466941e-265,"CD28.1","AS_Group_MemoryCD4_vs_Healthy_MemoryCD4","downregulated in diseased group"
"MGEA5",3.2659956368355e-264,-1.25184478742775,0.229,0.42,9.0513803079259e-260,"MGEA5","AS_Group_MemoryCD4_vs_Healthy_MemoryCD4","downregulated in diseased group"
"CD278-ICOS",7.75130561715698e-255,-1.03743630011252,0.176,0.377,2.14819683873888e-250,"CD278-ICOS","AS_Group_MemoryCD4_vs_Healthy_MemoryCD4","downregulated in diseased group"
"CH17-189H20.1",8.56701232351632e-251,-1.37647135817299,0.176,0.356,2.37426179533931e-246,"CH17-189H20.1","AS_Group_MemoryCD4_vs_Healthy_MemoryCD4","downregulated in diseased group"
"CD279-PD-1",5.36193999681148e-249,-1.01552417022773,0.192,0.391,1.48600805071633e-244,"CD279-PD-1","AS_Group_MemoryCD4_vs_Healthy_MemoryCD4","downregulated in diseased group"
"CD45RB",1.0641570746807e-248,-1.19699385016895,0.156,0.343,2.94920491677009e-244,"CD45RB","AS_Group_MemoryCD4_vs_Healthy_MemoryCD4","downregulated in diseased group"
"IGHA1",1.61313198050021e-248,-3.50820594349803,0.023,0.138,4.47063397075829e-244,"IGHA1","AS_Group_MemoryCD4_vs_Healthy_MemoryCD4","downregulated in diseased group"
"CD96-TACTILE",1.74608080492498e-247,-1.18320388806809,0.166,0.354,4.83908834276909e-243,"CD96-TACTILE","AS_Group_MemoryCD4_vs_Healthy_MemoryCD4","downregulated in diseased group"
"CD226-DNAM-1",5.01412719954914e-245,-1.05141319905683,0.169,0.36,1.38961521208305e-240,"CD226-DNAM-1","AS_Group_MemoryCD4_vs_Healthy_MemoryCD4","downregulated in diseased group"
"CD73-Ecto-5prime-nucleotidase",2.40226428395447e-239,-1.02799637819678,0.157,0.34,6.65763523655143e-235,"CD73-Ecto-5prime-nucleotidase","AS_Group_MemoryCD4_vs_Healthy_MemoryCD4","downregulated in diseased group"
"LUC7L3",1.74401435834709e-233,-1.03013667356399,0.384,0.544,4.83336139272312e-229,"LUC7L3","AS_Group_MemoryCD4_vs_Healthy_MemoryCD4","downregulated in diseased group"
"CD9.1",5.1737518499836e-224,-1.63748138316817,0.132,0.295,1.43385358770446e-219,"CD9.1","AS_Group_MemoryCD4_vs_Healthy_MemoryCD4","downregulated in diseased group"
"PCSK7",1.14866224455239e-221,-1.13892527244743,0.295,0.462,3.18340254455251e-217,"PCSK7","AS_Group_MemoryCD4_vs_Healthy_MemoryCD4","downregulated in diseased group"
"CD161",3.9355408291631e-185,-1.17489121128109,0.129,0.276,1.09069578539426e-180,"CD161","AS_Group_MemoryCD4_vs_Healthy_MemoryCD4","downregulated in diseased group"
"FolateReceptorbeta-FR-beta",7.5076654220165e-183,-1.14071631909185,0.159,0.312,2.08067439505765e-178,"FolateReceptorbeta-FR-beta","AS_Group_MemoryCD4_vs_Healthy_MemoryCD4","downregulated in diseased group"
"AP000769.1",2.472415012718e-172,-1.04975104762197,0.22,0.371,6.85205096624668e-168,"AP000769.1","AS_Group_MemoryCD4_vs_Healthy_MemoryCD4","downregulated in diseased group"
"IGKC",3.51168645148026e-170,-1.7754083097072,0.079,0.197,9.73228783163239e-166,"IGKC","AS_Group_MemoryCD4_vs_Healthy_MemoryCD4","downregulated in diseased group"
"CD197-CCR7",3.45066393370894e-158,-1.03671208696511,0.149,0.292,9.56317002588096e-154,"CD197-CCR7","AS_Group_MemoryCD4_vs_Healthy_MemoryCD4","downregulated in diseased group"
"DIP2A",4.89757050045426e-155,-1.07569795041979,0.209,0.35,1.35731268849589e-150,"DIP2A","AS_Group_MemoryCD4_vs_Healthy_MemoryCD4","downregulated in diseased group"
"CD71",2.47559312295516e-139,-1.20316158745547,0.124,0.247,6.86085878095793e-135,"CD71","AS_Group_MemoryCD4_vs_Healthy_MemoryCD4","downregulated in diseased group"
"CD36.1",5.71582417304963e-129,-1.17839724012193,0.124,0.241,1.58408351131898e-124,"CD36.1","AS_Group_MemoryCD4_vs_Healthy_MemoryCD4","downregulated in diseased group"
"CD24.1",7.91553431868994e-128,-1.03671806630189,0.155,0.278,2.19371118108173e-123,"CD24.1","AS_Group_MemoryCD4_vs_Healthy_MemoryCD4","downregulated in diseased group"
"CD49a",1.23487080014591e-126,-1.09455377191356,0.106,0.217,3.42232093552438e-122,"CD49a","AS_Group_MemoryCD4_vs_Healthy_MemoryCD4","downregulated in diseased group"
"CD37.1",4.28732452328206e-121,-1.17191118686266,0.121,0.23,1.18818911838239e-116,"CD37.1","AS_Group_MemoryCD4_vs_Healthy_MemoryCD4","downregulated in diseased group"
"NBPF19",6.5877032504231e-119,-1.57913357654399,0.065,0.155,1.82571607882226e-114,"NBPF19","AS_Group_MemoryCD4_vs_Healthy_MemoryCD4","downregulated in diseased group"
"PCNX",9.69706700526583e-115,-1.08939604087363,0.139,0.249,2.68744514983937e-110,"PCNX","AS_Group_MemoryCD4_vs_Healthy_MemoryCD4","downregulated in diseased group"
"CD141-Thrombomodulin",1.84380905224741e-114,-1.05336735320834,0.144,0.258,5.10993240739849e-110,"CD141-Thrombomodulin","AS_Group_MemoryCD4_vs_Healthy_MemoryCD4","downregulated in diseased group"
"CD155-PVR",2.16700371822792e-114,-1.2056175585804,0.097,0.198,6.00563410469686e-110,"CD155-PVR","AS_Group_MemoryCD4_vs_Healthy_MemoryCD4","downregulated in diseased group"
"KIAA2026",2.36756304775485e-113,-1.11187978815653,0.144,0.254,6.56146423054778e-109,"KIAA2026","AS_Group_MemoryCD4_vs_Healthy_MemoryCD4","downregulated in diseased group"
"ANKRD36C",2.91194151734738e-112,-1.21567361710776,0.11,0.213,8.07015472117653e-108,"ANKRD36C","AS_Group_MemoryCD4_vs_Healthy_MemoryCD4","downregulated in diseased group"
"IGLC2",4.71377652902989e-111,-2.97664366954228,0.029,0.097,1.30637602725534e-106,"IGLC2","AS_Group_MemoryCD4_vs_Healthy_MemoryCD4","downregulated in diseased group"
"CD69.1",8.87303694914096e-107,-1.07642651458901,0.1,0.199,2.45907346008493e-102,"CD69.1","AS_Group_MemoryCD4_vs_Healthy_MemoryCD4","downregulated in diseased group"
"Cadherin11",1.22320228986336e-105,-1.19455562286479,0.126,0.23,3.38998282612731e-101,"Cadherin11","AS_Group_MemoryCD4_vs_Healthy_MemoryCD4","downregulated in diseased group"
"CD85j-ILT2",1.09641784791818e-103,-1.12369884624217,0.112,0.211,3.03861242372043e-99,"CD85j-ILT2","AS_Group_MemoryCD4_vs_Healthy_MemoryCD4","downregulated in diseased group"
"C1orf56",2.77109009735944e-99,-1.03595275006125,0.185,0.291,7.67979909582195e-95,"C1orf56","AS_Group_MemoryCD4_vs_Healthy_MemoryCD4","downregulated in diseased group"
"CCR10.1",1.17304475381427e-94,-1.06839926908753,0.155,0.259,3.25097623072087e-90,"CCR10.1","AS_Group_MemoryCD4_vs_Healthy_MemoryCD4","downregulated in diseased group"
"GOLGA8A",4.99541562041005e-92,-1.32001379175902,0.086,0.17,1.38442948504044e-87,"GOLGA8A","AS_Group_MemoryCD4_vs_Healthy_MemoryCD4","downregulated in diseased group"
"CD140b-PDGFRbeta",9.07536243171181e-91,-1.14943282456791,0.098,0.185,2.51514594432461e-86,"CD140b-PDGFRbeta","AS_Group_MemoryCD4_vs_Healthy_MemoryCD4","downregulated in diseased group"
"GABPB1-AS1",1.76037771847945e-89,-1.01351585811256,0.177,0.274,4.87871080899396e-85,"GABPB1-AS1","AS_Group_MemoryCD4_vs_Healthy_MemoryCD4","downregulated in diseased group"
"NFATC2IP",2.76634809648827e-89,-1.02057644730336,0.145,0.241,7.66665711460758e-85,"NFATC2IP","AS_Group_MemoryCD4_vs_Healthy_MemoryCD4","downregulated in diseased group"
"CD13",8.43147565401632e-89,-1.08468076908922,0.095,0.181,2.33669916275408e-84,"CD13","AS_Group_MemoryCD4_vs_Healthy_MemoryCD4","downregulated in diseased group"
"CD62P-P-Selectin",2.48791633469447e-87,-1.31366620170605,0.09,0.173,6.89501132997226e-83,"CD62P-P-Selectin","AS_Group_MemoryCD4_vs_Healthy_MemoryCD4","downregulated in diseased group"
"TCRVdelta2",2.82653149254889e-87,-1.50125529652909,0.052,0.122,7.83344937844999e-83,"TCRVdelta2","AS_Group_MemoryCD4_vs_Healthy_MemoryCD4","downregulated in diseased group"
"CD154",1.49089949688938e-86,-1.0291089756893,0.127,0.218,4.13187886567922e-82,"CD154","AS_Group_MemoryCD4_vs_Healthy_MemoryCD4","downregulated in diseased group"
"GOLGA8B",1.09668636115724e-85,-1.03756444269362,0.119,0.208,3.03935658131118e-81,"GOLGA8B","AS_Group_MemoryCD4_vs_Healthy_MemoryCD4","downregulated in diseased group"
"CD105",1.73624307909205e-84,-1.38839046820897,0.059,0.13,4.81182406939571e-80,"CD105","AS_Group_MemoryCD4_vs_Healthy_MemoryCD4","downregulated in diseased group"
"RP11-347P5.1",6.65899855358713e-84,-1.27578485949742,0.084,0.163,1.84547485914114e-79,"RP11-347P5.1","AS_Group_MemoryCD4_vs_Healthy_MemoryCD4","downregulated in diseased group"
"CD275-B7-H2-B7-RP1-ICOSL",8.2822753636074e-84,-1.10433245145736,0.104,0.189,2.29534979427016e-79,"CD275-B7-H2-B7-RP1-ICOSL","AS_Group_MemoryCD4_vs_Healthy_MemoryCD4","downregulated in diseased group"
"PAXBP1",1.97063044311046e-81,-1.10042590396424,0.11,0.195,5.46140521003632e-77,"PAXBP1","AS_Group_MemoryCD4_vs_Healthy_MemoryCD4","downregulated in diseased group"
"U2AF1",1.19596374195809e-80,-1.23300324430438,0.078,0.154,3.31449391446265e-76,"U2AF1","AS_Group_MemoryCD4_vs_Healthy_MemoryCD4","downregulated in diseased group"
"SUGP2",6.90742447826805e-80,-1.01687288601444,0.133,0.221,1.91432361990721e-75,"SUGP2","AS_Group_MemoryCD4_vs_Healthy_MemoryCD4","downregulated in diseased group"
"CD61",3.47662743509192e-73,-1.3531811990319,0.081,0.153,9.63512527361374e-69,"CD61","AS_Group_MemoryCD4_vs_Healthy_MemoryCD4","downregulated in diseased group"
"CD110",5.45677099298457e-72,-1.50689922877646,0.077,0.145,1.51228951299574e-67,"CD110","AS_Group_MemoryCD4_vs_Healthy_MemoryCD4","downregulated in diseased group"
"TRIM56",8.15030804825876e-71,-1.04425811202771,0.128,0.208,2.25877637249443e-66,"TRIM56","AS_Group_MemoryCD4_vs_Healthy_MemoryCD4","downregulated in diseased group"
"TUG1",8.2636173881438e-71,-1.20090129375653,0.077,0.147,2.29017892295017e-66,"TUG1","AS_Group_MemoryCD4_vs_Healthy_MemoryCD4","downregulated in diseased group"
"CD257-BAFF-BLYS",7.56971066513063e-69,-1.10670941588858,0.135,0.216,2.0978696137343e-64,"CD257-BAFF-BLYS","AS_Group_MemoryCD4_vs_Healthy_MemoryCD4","downregulated in diseased group"
"VEGFR-3-FLT-4",2.37042965924419e-67,-1.30575797183552,0.096,0.166,6.56940875762934e-63,"VEGFR-3-FLT-4","AS_Group_MemoryCD4_vs_Healthy_MemoryCD4","downregulated in diseased group"
"BAZ2B",3.51506998264127e-66,-1.0714035789266,0.1,0.173,9.74166494989203e-62,"BAZ2B","AS_Group_MemoryCD4_vs_Healthy_MemoryCD4","downregulated in diseased group"
"CD150-SLAM",3.88926647802415e-66,-1.50925762334896,0.082,0.148,1.07787131171961e-61,"CD150-SLAM","AS_Group_MemoryCD4_vs_Healthy_MemoryCD4","downregulated in diseased group"
"GATAD1",9.65380238663965e-66,-1.24078063392993,0.073,0.138,2.67545479343331e-61,"GATAD1","AS_Group_MemoryCD4_vs_Healthy_MemoryCD4","downregulated in diseased group"
"NBPF12",3.81971552987534e-65,-1.76944462871648,0.027,0.075,1.05859596194965e-60,"NBPF12","AS_Group_MemoryCD4_vs_Healthy_MemoryCD4","downregulated in diseased group"
"CD184-CXCR4",4.44956202792886e-64,-1.01614850393966,0.113,0.188,1.2331516204202e-59,"CD184-CXCR4","AS_Group_MemoryCD4_vs_Healthy_MemoryCD4","downregulated in diseased group"
"PAPD5",2.86414430601716e-63,-1.15141674206132,0.078,0.144,7.93768952969594e-59,"PAPD5","AS_Group_MemoryCD4_vs_Healthy_MemoryCD4","downregulated in diseased group"
"CD284-TLR4",3.44069163065475e-63,-1.11919486271118,0.112,0.185,9.53553278519657e-59,"CD284-TLR4","AS_Group_MemoryCD4_vs_Healthy_MemoryCD4","downregulated in diseased group"
"CD267-TACI",1.91110879200014e-62,-1.29180321012032,0.068,0.13,5.2964469061492e-58,"CD267-TACI","AS_Group_MemoryCD4_vs_Healthy_MemoryCD4","downregulated in diseased group"
"CLEC1B-CLEC2",3.7119836900378e-61,-1.79003373041067,0.033,0.08,1.02873915985708e-56,"CLEC1B-CLEC2","AS_Group_MemoryCD4_vs_Healthy_MemoryCD4","downregulated in diseased group"
"CD21",8.5534749087994e-60,-1.13680802150082,0.085,0.149,2.37051003622466e-55,"CD21","AS_Group_MemoryCD4_vs_Healthy_MemoryCD4","downregulated in diseased group"
"IGLC3",1.53075857680927e-59,-2.57510441359259,0.015,0.052,4.24234431976921e-55,"IGLC3","AS_Group_MemoryCD4_vs_Healthy_MemoryCD4","downregulated in diseased group"
"TXK",5.77870835934909e-59,-1.03181285689285,0.098,0.165,1.60151123471001e-54,"TXK","AS_Group_MemoryCD4_vs_Healthy_MemoryCD4","downregulated in diseased group"
"IgE",9.54104532927657e-58,-1.01694256407019,0.106,0.174,2.64420530255571e-53,"IgE","AS_Group_MemoryCD4_vs_Healthy_MemoryCD4","downregulated in diseased group"
"HLA-DR",5.05565393599956e-56,-1.14343678097155,0.071,0.129,1.40112393182292e-51,"HLA-DR","AS_Group_MemoryCD4_vs_Healthy_MemoryCD4","downregulated in diseased group"
"XCR1.1",5.33159825645351e-56,-1.7408971636932,0.086,0.146,1.47759914079353e-51,"XCR1.1","AS_Group_MemoryCD4_vs_Healthy_MemoryCD4","downregulated in diseased group"
"CD192-CCR2",2.12682077468757e-55,-1.12492570617604,0.067,0.124,5.89427109496913e-51,"CD192-CCR2","AS_Group_MemoryCD4_vs_Healthy_MemoryCD4","downregulated in diseased group"
"SLFN13",2.76349519739729e-55,-1.16384180232204,0.072,0.131,7.65875059006685e-51,"SLFN13","AS_Group_MemoryCD4_vs_Healthy_MemoryCD4","downregulated in diseased group"
"CD340-erbB2/HER-2",6.12121529812672e-55,-1.29872287903221,0.118,0.185,1.69643360772284e-50,"CD340-erbB2/HER-2","AS_Group_MemoryCD4_vs_Healthy_MemoryCD4","downregulated in diseased group"
"PPBP",1.34908206619364e-54,-3.43719093172986,0.004,0.028,3.73884603824905e-50,"PPBP","AS_Group_MemoryCD4_vs_Healthy_MemoryCD4","downregulated in diseased group"
"LymphotoxinbetaReceptor-LT-betaR",3.14074063696683e-54,-1.04572545926104,0.108,0.173,8.70424860128988e-50,"LymphotoxinbetaReceptor-LT-betaR","AS_Group_MemoryCD4_vs_Healthy_MemoryCD4","downregulated in diseased group"
"GK5",5.07364042802006e-54,-1.04567970991926,0.104,0.169,1.40610870822148e-49,"GK5","AS_Group_MemoryCD4_vs_Healthy_MemoryCD4","downregulated in diseased group"
"CD319-CRACC",5.3154213956353e-54,-1.03568609341928,0.079,0.138,1.47311588558637e-49,"CD319-CRACC","AS_Group_MemoryCD4_vs_Healthy_MemoryCD4","downregulated in diseased group"
"CD198-CCR8",7.93115598653067e-54,-1.48660833149915,0.052,0.102,2.19804057010711e-49,"CD198-CCR8","AS_Group_MemoryCD4_vs_Healthy_MemoryCD4","downregulated in diseased group"
"CD126-IL-6Ralpha",9.24863741639793e-54,-1.6712135956135,0.028,0.069,2.56316737358052e-49,"CD126-IL-6Ralpha","AS_Group_MemoryCD4_vs_Healthy_MemoryCD4","downregulated in diseased group"
"IGHG3",1.30534906915334e-53,-4.31299606324102,0.002,0.023,3.61764441025156e-49,"IGHG3","AS_Group_MemoryCD4_vs_Healthy_MemoryCD4","downregulated in diseased group"
"CD169-Sialoadhesin-Siglec-1",7.46646361482216e-52,-1.24689835728255,0.094,0.153,2.06925572621181e-47,"CD169-Sialoadhesin-Siglec-1","AS_Group_MemoryCD4_vs_Healthy_MemoryCD4","downregulated in diseased group"
"CD269-BCMA",2.05865340674508e-51,-1.48462215980386,0.111,0.173,5.70535205145331e-47,"CD269-BCMA","AS_Group_MemoryCD4_vs_Healthy_MemoryCD4","downregulated in diseased group"
"CD109.1",3.72411870684881e-50,-1.11312198852073,0.076,0.131,1.03210225841608e-45,"CD109.1","AS_Group_MemoryCD4_vs_Healthy_MemoryCD4","downregulated in diseased group"
"CD133",4.17123731424397e-50,-1.52085427122575,0.055,0.104,1.15601670926957e-45,"CD133","AS_Group_MemoryCD4_vs_Healthy_MemoryCD4","downregulated in diseased group"
"SERINC5",3.52939158502605e-49,-1.04898128774211,0.065,0.118,9.7813558387412e-45,"SERINC5","AS_Group_MemoryCD4_vs_Healthy_MemoryCD4","downregulated in diseased group"
"FAM63B",7.48485710182577e-49,-1.16318747816545,0.062,0.114,2.07435329719999e-44,"FAM63B","AS_Group_MemoryCD4_vs_Healthy_MemoryCD4","downregulated in diseased group"
"GPR155",2.31930843428337e-48,-1.13166147917001,0.062,0.114,6.42773139477293e-44,"GPR155","AS_Group_MemoryCD4_vs_Healthy_MemoryCD4","downregulated in diseased group"
"CD303-BDCA-2",6.10110635307205e-48,-1.07010392335577,0.122,0.185,1.69086061469039e-43,"CD303-BDCA-2","AS_Group_MemoryCD4_vs_Healthy_MemoryCD4","downregulated in diseased group"
"IKZF2",7.99362726518946e-48,-1.10441302547471,0.085,0.141,2.21535386027461e-43,"IKZF2","AS_Group_MemoryCD4_vs_Healthy_MemoryCD4","downregulated in diseased group"
"B7-H4",3.12926278019998e-47,-1.26728490768252,0.067,0.118,8.67243886904623e-43,"B7-H4","AS_Group_MemoryCD4_vs_Healthy_MemoryCD4","downregulated in diseased group"
"CTD-3252C9.4",2.1625072823921e-46,-1.2281714305472,0.043,0.088,5.99317268242148e-42,"CTD-3252C9.4","AS_Group_MemoryCD4_vs_Healthy_MemoryCD4","downregulated in diseased group"
"TCRValpha24-Jalpha18-iNKTcell",6.5548979887647e-46,-1.4503690599521,0.07,0.12,1.81662442860625e-41,"TCRValpha24-Jalpha18-iNKTcell","AS_Group_MemoryCD4_vs_Healthy_MemoryCD4","downregulated in diseased group"
"CHD7",1.89772164604375e-45,-1.2955093684438,0.041,0.084,5.25934576984566e-41,"CHD7","AS_Group_MemoryCD4_vs_Healthy_MemoryCD4","downregulated in diseased group"
"CD14.1",7.37960354348297e-45,-1.08516815298772,0.061,0.109,2.04518332604087e-40,"CD14.1","AS_Group_MemoryCD4_vs_Healthy_MemoryCD4","downregulated in diseased group"
"CD253-Trail",2.95735631689077e-44,-1.16952514767768,0.104,0.16,8.19601729663109e-40,"CD253-Trail","AS_Group_MemoryCD4_vs_Healthy_MemoryCD4","downregulated in diseased group"
"CD294-CRTH2",1.30536092317814e-43,-1.17914422321009,0.067,0.116,3.61767726249588e-39,"CD294-CRTH2","AS_Group_MemoryCD4_vs_Healthy_MemoryCD4","downregulated in diseased group"
"TSPAN33-BAAM",2.27390930178085e-43,-1.31225399714591,0.054,0.099,6.30191223895545e-39,"TSPAN33-BAAM","AS_Group_MemoryCD4_vs_Healthy_MemoryCD4","downregulated in diseased group"
"CD49b",5.2434029741547e-43,-1.30734894616302,0.058,0.105,1.45315670025723e-38,"CD49b","AS_Group_MemoryCD4_vs_Healthy_MemoryCD4","downregulated in diseased group"
"CD307d-FcRL4",5.31710925924739e-43,-1.5142410830321,0.061,0.107,1.47358366010782e-38,"CD307d-FcRL4","AS_Group_MemoryCD4_vs_Healthy_MemoryCD4","downregulated in diseased group"
"KIAA0907",1.03209301912352e-42,-1.19684545292774,0.045,0.088,2.86034259319892e-38,"KIAA0907","AS_Group_MemoryCD4_vs_Healthy_MemoryCD4","downregulated in diseased group"
"CD274-B7-H1-PD-L1",2.22071820377198e-42,-1.0878449861208,0.06,0.107,6.15449842993366e-38,"CD274-B7-H1-PD-L1","AS_Group_MemoryCD4_vs_Healthy_MemoryCD4","downregulated in diseased group"
"CD1a",3.54970122289076e-42,-1.43283487324873,0.031,0.068,9.83764196911944e-38,"CD1a","AS_Group_MemoryCD4_vs_Healthy_MemoryCD4","downregulated in diseased group"
"CD85g-ILT7",6.077666646712e-42,-1.40411411054325,0.04,0.08,1.68436453446976e-37,"CD85g-ILT7","AS_Group_MemoryCD4_vs_Healthy_MemoryCD4","downregulated in diseased group"
"TTN",9.3160099416881e-42,-1.33543414056294,0.043,0.084,2.58183899523944e-37,"TTN","AS_Group_MemoryCD4_vs_Healthy_MemoryCD4","downregulated in diseased group"
"CD186-CXCR6",1.06840826746094e-41,-1.30293484654566,0.032,0.07,2.96098667244124e-37,"CD186-CXCR6","AS_Group_MemoryCD4_vs_Healthy_MemoryCD4","downregulated in diseased group"
"NBPF14",7.41202074374141e-41,-1.59442431092138,0.022,0.054,2.05416742892049e-36,"NBPF14","AS_Group_MemoryCD4_vs_Healthy_MemoryCD4","downregulated in diseased group"
"CD201-EPCR",2.973334916838e-40,-1.34810073881483,0.052,0.094,8.24030038852484e-36,"CD201-EPCR","AS_Group_MemoryCD4_vs_Healthy_MemoryCD4","downregulated in diseased group"
"TRABD2A",5.51916265032092e-40,-1.01694478645742,0.069,0.117,1.52958073690994e-35,"TRABD2A","AS_Group_MemoryCD4_vs_Healthy_MemoryCD4","downregulated in diseased group"
"CD1d",1.06255353414795e-39,-1.44383549926635,0.03,0.065,2.94476086453762e-35,"CD1d","AS_Group_MemoryCD4_vs_Healthy_MemoryCD4","downregulated in diseased group"
"EIF5AL1",1.26407730754382e-39,-2.3643518720618,0.007,0.029,3.50326385012693e-35,"EIF5AL1","AS_Group_MemoryCD4_vs_Healthy_MemoryCD4","downregulated in diseased group"
"GSAP",1.34939419279994e-39,-1.01637795585889,0.078,0.127,3.73971106592575e-35,"GSAP","AS_Group_MemoryCD4_vs_Healthy_MemoryCD4","downregulated in diseased group"
"ARL17A",1.82978069002798e-39,-1.33268285539001,0.039,0.077,5.07105420434354e-35,"ARL17A","AS_Group_MemoryCD4_vs_Healthy_MemoryCD4","downregulated in diseased group"
"CD158f-KIR2DL5",2.06077050753151e-39,-1.08469325138382,0.047,0.087,5.71121938457282e-35,"CD158f-KIR2DL5","AS_Group_MemoryCD4_vs_Healthy_MemoryCD4","downregulated in diseased group"
"NPIPB5",2.63142185710469e-39,-1.00737602502044,0.061,0.106,7.29272253477993e-35,"NPIPB5","AS_Group_MemoryCD4_vs_Healthy_MemoryCD4","downregulated in diseased group"
"ZMAT1",4.16406791360102e-39,-1.22678685225451,0.043,0.083,1.15402978157539e-34,"ZMAT1","AS_Group_MemoryCD4_vs_Healthy_MemoryCD4","downregulated in diseased group"
"CD135-Flt-3/Flk-2",1.11606886540672e-38,-1.30284920813419,0.09,0.139,3.09307325358818e-34,"CD135-Flt-3/Flk-2","AS_Group_MemoryCD4_vs_Healthy_MemoryCD4","downregulated in diseased group"
"NDUFA7",1.60683167001998e-38,-1.13064491834217,0.045,0.086,4.45317329029336e-34,"NDUFA7","AS_Group_MemoryCD4_vs_Healthy_MemoryCD4","downregulated in diseased group"
"CD106",1.83054567010877e-38,-1.01439085683453,0.06,0.104,5.07317427013945e-34,"CD106","AS_Group_MemoryCD4_vs_Healthy_MemoryCD4","downregulated in diseased group"
"CD207-Langerin",5.55137202414074e-38,-1.43847907517509,0.059,0.102,1.53850724277036e-33,"CD207-Langerin","AS_Group_MemoryCD4_vs_Healthy_MemoryCD4","downregulated in diseased group"
"CD64",6.61035644310782e-38,-1.07352273101572,0.043,0.082,1.8319941846429e-33,"CD64","AS_Group_MemoryCD4_vs_Healthy_MemoryCD4","downregulated in diseased group"
"CD70.1",1.27747709210991e-37,-1.11359626319913,0.056,0.098,3.5404000130734e-33,"CD70.1","AS_Group_MemoryCD4_vs_Healthy_MemoryCD4","downregulated in diseased group"
"CD326-Ep-CAM",4.78883736058474e-37,-1.38556798973093,0.044,0.082,1.32717838611246e-32,"CD326-Ep-CAM","AS_Group_MemoryCD4_vs_Healthy_MemoryCD4","downregulated in diseased group"
"EGFR.1",6.00897053931274e-37,-1.20426745994607,0.058,0.1,1.66532609526513e-32,"EGFR.1","AS_Group_MemoryCD4_vs_Healthy_MemoryCD4","downregulated in diseased group"
"KLRC2",8.11970903109411e-37,-1.03966197021059,0.06,0.104,2.25029616087742e-32,"KLRC2","AS_Group_MemoryCD4_vs_Healthy_MemoryCD4","downregulated in diseased group"
"CD140a-PDGFRalpha",2.73524370226903e-36,-1.19438544379894,0.059,0.101,7.58045439646839e-32,"CD140a-PDGFRalpha","AS_Group_MemoryCD4_vs_Healthy_MemoryCD4","downregulated in diseased group"
"HNRNPU-AS1",3.9619351479966e-36,-1.11226229458232,0.05,0.09,1.09801070691578e-31,"HNRNPU-AS1","AS_Group_MemoryCD4_vs_Healthy_MemoryCD4","downregulated in diseased group"
"F8A1",1.20354056629661e-35,-1.07220812100187,0.046,0.085,3.33549232543443e-31,"F8A1","AS_Group_MemoryCD4_vs_Healthy_MemoryCD4","downregulated in diseased group"
"TSIX",4.33833938793656e-35,-1.66576181937523,0.018,0.045,1.20232737797274e-30,"TSIX","AS_Group_MemoryCD4_vs_Healthy_MemoryCD4","downregulated in diseased group"
"CD22.1",8.183495556372e-35,-1.18793324221221,0.066,0.109,2.26797395849294e-30,"CD22.1","AS_Group_MemoryCD4_vs_Healthy_MemoryCD4","downregulated in diseased group"
"CD62E",1.20032286224958e-34,-1.21048258785782,0.085,0.13,3.3265747804385e-30,"CD62E","AS_Group_MemoryCD4_vs_Healthy_MemoryCD4","downregulated in diseased group"
"CD98",1.9381216709426e-34,-1.12103732336215,0.052,0.091,5.37131039885033e-30,"CD98","AS_Group_MemoryCD4_vs_Healthy_MemoryCD4","downregulated in diseased group"
"CD336-NKp44",4.32118030922412e-34,-1.12324953695575,0.074,0.118,1.19757191089837e-29,"CD336-NKp44","AS_Group_MemoryCD4_vs_Healthy_MemoryCD4","downregulated in diseased group"
"CD42b",4.4782380952863e-34,-1.6527032050287,0.023,0.053,1.24109890572765e-29,"CD42b","AS_Group_MemoryCD4_vs_Healthy_MemoryCD4","downregulated in diseased group"
"CD309-VEGFR2",7.2984541474661e-34,-1.42692404252912,0.044,0.08,2.02269358242876e-29,"CD309-VEGFR2","AS_Group_MemoryCD4_vs_Healthy_MemoryCD4","downregulated in diseased group"
"CD25",7.59285463918885e-34,-1.10876263420476,0.042,0.077,2.1042837347048e-29,"CD25","AS_Group_MemoryCD4_vs_Healthy_MemoryCD4","downregulated in diseased group"
"CD115-CSF-1R",6.96699739767508e-33,-1.06924508002745,0.057,0.097,1.93083365879167e-28,"CD115-CSF-1R","AS_Group_MemoryCD4_vs_Healthy_MemoryCD4","downregulated in diseased group"
"CD80.1",1.3036646177646e-32,-1.2064800042283,0.04,0.075,3.6129761216728e-28,"CD80.1","AS_Group_MemoryCD4_vs_Healthy_MemoryCD4","downregulated in diseased group"
"NCAM1",1.55070890743749e-32,-1.09489150366934,0.044,0.08,4.29763466607225e-28,"NCAM1","AS_Group_MemoryCD4_vs_Healthy_MemoryCD4","downregulated in diseased group"
"CD272-BTLA",2.44431401974647e-32,-1.14855471437052,0.042,0.078,6.77417187432537e-28,"CD272-BTLA","AS_Group_MemoryCD4_vs_Healthy_MemoryCD4","downregulated in diseased group"
"CD131",3.42540165295221e-32,-1.1383157064089,0.035,0.067,9.49315814099175e-28,"CD131","AS_Group_MemoryCD4_vs_Healthy_MemoryCD4","downregulated in diseased group"
"GNAQ",6.62299520185108e-32,-1.07938646055289,0.046,0.082,1.83549689024101e-27,"GNAQ","AS_Group_MemoryCD4_vs_Healthy_MemoryCD4","downregulated in diseased group"
"GTF2IRD2",9.24231053599292e-32,-1.27157422990659,0.029,0.06,2.56141394194508e-27,"GTF2IRD2","AS_Group_MemoryCD4_vs_Healthy_MemoryCD4","downregulated in diseased group"
"RP11-488L18.10",1.03376338723441e-31,-1.18175109970741,0.034,0.067,2.86497185138143e-27,"RP11-488L18.10","AS_Group_MemoryCD4_vs_Healthy_MemoryCD4","downregulated in diseased group"
"CD142",2.79385056944432e-31,-1.01805692028186,0.08,0.123,7.74287746815799e-27,"CD142","AS_Group_MemoryCD4_vs_Healthy_MemoryCD4","downregulated in diseased group"
"FAM231D",6.47088486243036e-31,-1.52745080898943,0.016,0.04,1.79334103077395e-26,"FAM231D","AS_Group_MemoryCD4_vs_Healthy_MemoryCD4","downregulated in diseased group"
"Podoplanin",7.89308494041187e-31,-1.1175596518082,0.066,0.105,2.18748956038575e-26,"Podoplanin","AS_Group_MemoryCD4_vs_Healthy_MemoryCD4","downregulated in diseased group"
"RP11-658F2.8",9.40517225391656e-31,-1.33696501354822,0.023,0.05,2.60654943845044e-26,"RP11-658F2.8","AS_Group_MemoryCD4_vs_Healthy_MemoryCD4","downregulated in diseased group"
"SPECC1",9.45141000407574e-31,-1.24995428333981,0.037,0.069,2.61936376852955e-26,"SPECC1","AS_Group_MemoryCD4_vs_Healthy_MemoryCD4","downregulated in diseased group"
"IGHG4",1.11138377073655e-30,-4.53349763106944,0.001,0.013,3.08008898221929e-26,"IGHG4","AS_Group_MemoryCD4_vs_Healthy_MemoryCD4","downregulated in diseased group"
"JCHAIN",1.23758776140761e-30,-2.59206387093573,0.007,0.026,3.42985072196504e-26,"JCHAIN","AS_Group_MemoryCD4_vs_Healthy_MemoryCD4","downregulated in diseased group"
"ZYG11B",1.64141753099666e-30,-1.18328792608856,0.045,0.079,4.54902454540414e-26,"ZYG11B","AS_Group_MemoryCD4_vs_Healthy_MemoryCD4","downregulated in diseased group"
"CTC-444N24.11",2.12712712720703e-30,-1.01221035503721,0.049,0.085,5.89512012034155e-26,"CTC-444N24.11","AS_Group_MemoryCD4_vs_Healthy_MemoryCD4","downregulated in diseased group"
"DEGS2",1.22712806699371e-29,-1.6252983784431,0.016,0.039,3.40086272486636e-25,"DEGS2","AS_Group_MemoryCD4_vs_Healthy_MemoryCD4","downregulated in diseased group"
"CD72.1",1.35978572422639e-29,-1.12047010476135,0.068,0.107,3.76851015612101e-25,"CD72.1","AS_Group_MemoryCD4_vs_Healthy_MemoryCD4","downregulated in diseased group"
"SYNJ2BP",2.24011166061746e-29,-1.03128215786527,0.052,0.088,6.20824545623523e-25,"SYNJ2BP","AS_Group_MemoryCD4_vs_Healthy_MemoryCD4","downregulated in diseased group"
"CFH",5.27915888116747e-29,-1.26147915574538,0.037,0.068,1.46306609232675e-24,"CFH","AS_Group_MemoryCD4_vs_Healthy_MemoryCD4","downregulated in diseased group"
"LRRN3",9.60158238465586e-29,-2.00605528369712,0.009,0.028,2.66098254208353e-24,"LRRN3","AS_Group_MemoryCD4_vs_Healthy_MemoryCD4","downregulated in diseased group"
"PF4",3.86651511200214e-28,-3.44567538843635,0.002,0.014,1.07156599814027e-23,"PF4","AS_Group_MemoryCD4_vs_Healthy_MemoryCD4","downregulated in diseased group"
"CD146",4.30460765136132e-28,-1.41028226878718,0.026,0.052,1.19297896449828e-23,"CD146","AS_Group_MemoryCD4_vs_Healthy_MemoryCD4","downregulated in diseased group"
"AK9",5.02407894226728e-28,-1.19877923159583,0.035,0.065,1.39237323805995e-23,"AK9","AS_Group_MemoryCD4_vs_Healthy_MemoryCD4","downregulated in diseased group"
"CD338-ABCG2",1.63989042162962e-27,-1.37414544749335,0.026,0.053,4.54479231450434e-23,"CD338-ABCG2","AS_Group_MemoryCD4_vs_Healthy_MemoryCD4","downregulated in diseased group"
"CHKB",7.34569551819761e-27,-1.09803539806607,0.028,0.055,2.03578605591328e-22,"CHKB","AS_Group_MemoryCD4_vs_Healthy_MemoryCD4","downregulated in diseased group"
"CD41",1.17660745707725e-26,-1.47042873587424,0.023,0.048,3.26084990654388e-22,"CD41","AS_Group_MemoryCD4_vs_Healthy_MemoryCD4","downregulated in diseased group"
"Notch3",3.97669701972039e-26,-1.10138428656881,0.053,0.086,1.10210181204531e-21,"Notch3","AS_Group_MemoryCD4_vs_Healthy_MemoryCD4","downregulated in diseased group"
"CD137L-4-1BBLigand",6.46249743865544e-26,-1.23874763218952,0.03,0.057,1.79101654014897e-21,"CD137L-4-1BBLigand","AS_Group_MemoryCD4_vs_Healthy_MemoryCD4","downregulated in diseased group"
"CHRM3-AS2",2.97987857913793e-24,-1.11762235010847,0.035,0.063,8.25843549422285e-20,"CHRM3-AS2","AS_Group_MemoryCD4_vs_Healthy_MemoryCD4","downregulated in diseased group"
"LINC01116",3.56915650264437e-24,-1.6385388615121,0.013,0.031,9.89156033142862e-20,"LINC01116","AS_Group_MemoryCD4_vs_Healthy_MemoryCD4","downregulated in diseased group"
"CD123",2.20931074431354e-23,-1.20042209626235,0.045,0.074,6.12288379679055e-19,"CD123","AS_Group_MemoryCD4_vs_Healthy_MemoryCD4","downregulated in diseased group"
"C1orf228",5.52774639672705e-23,-1.10325893794181,0.027,0.051,1.53195963638893e-18,"C1orf228","AS_Group_MemoryCD4_vs_Healthy_MemoryCD4","downregulated in diseased group"
"KCNQ1OT1",1.13587828115388e-22,-1.03885816430024,0.054,0.084,3.14797306838987e-18,"KCNQ1OT1","AS_Group_MemoryCD4_vs_Healthy_MemoryCD4","downregulated in diseased group"
"AnnexinA1",1.37895999929156e-22,-1.23715740513548,0.02,0.041,3.82164974203664e-18,"AnnexinA1","AS_Group_MemoryCD4_vs_Healthy_MemoryCD4","downregulated in diseased group"
"NGFRAP1",1.39001785854659e-22,-1.338768769578,0.018,0.038,3.85229549317602e-18,"NGFRAP1","AS_Group_MemoryCD4_vs_Healthy_MemoryCD4","downregulated in diseased group"
"GP130",1.96632703216225e-22,-1.02096402570717,0.047,0.076,5.44947873693447e-18,"GP130","AS_Group_MemoryCD4_vs_Healthy_MemoryCD4","downregulated in diseased group"
"RP11-553L6.5",2.09336323474709e-22,-1.3058197094434,0.015,0.034,5.80154686877807e-18,"RP11-553L6.5","AS_Group_MemoryCD4_vs_Healthy_MemoryCD4","downregulated in diseased group"
"HIST1H4J",3.02153600592376e-21,-1.44718340652728,0.013,0.031,8.3738848868171e-17,"HIST1H4J","AS_Group_MemoryCD4_vs_Healthy_MemoryCD4","downregulated in diseased group"
"INO80B",3.64129680682405e-21,-1.26471179050664,0.021,0.042,1.00914899704322e-16,"INO80B","AS_Group_MemoryCD4_vs_Healthy_MemoryCD4","downregulated in diseased group"
"SND1-IT1",3.71298717147868e-21,-1.27198956019135,0.021,0.042,1.0290172647036e-16,"SND1-IT1","AS_Group_MemoryCD4_vs_Healthy_MemoryCD4","downregulated in diseased group"
"RNF157",9.23000111581598e-21,-1.03938693894932,0.032,0.056,2.55800250923724e-16,"RNF157","AS_Group_MemoryCD4_vs_Healthy_MemoryCD4","downregulated in diseased group"
"KCTD7",2.52790715196872e-20,-1.10173878346486,0.03,0.053,7.00584188096612e-16,"KCTD7","AS_Group_MemoryCD4_vs_Healthy_MemoryCD4","downregulated in diseased group"
"mouseIgG1-kappaisotypeCtrl",3.25533392447229e-20,-1.66739309501964,0.011,0.027,9.02183243828249e-16,"mouseIgG1-kappaisotypeCtrl","AS_Group_MemoryCD4_vs_Healthy_MemoryCD4","downregulated in diseased group"
"HBA1",3.59410440264479e-20,-2.66787029319614,0.011,0.028,9.96070094148978e-16,"HBA1","AS_Group_MemoryCD4_vs_Healthy_MemoryCD4","downregulated in diseased group"
"SLC16A4",3.61780099064462e-20,-1.36706488473229,0.016,0.034,1.00263736654725e-15,"SLC16A4","AS_Group_MemoryCD4_vs_Healthy_MemoryCD4","downregulated in diseased group"
"LRIG2",6.5496215509926e-20,-1.00297355822754,0.035,0.06,1.81516211664209e-15,"LRIG2","AS_Group_MemoryCD4_vs_Healthy_MemoryCD4","downregulated in diseased group"
"RP5-1180E21.5",7.28240802084961e-20,-1.33592661098014,0.017,0.035,2.01824655889826e-15,"RP5-1180E21.5","AS_Group_MemoryCD4_vs_Healthy_MemoryCD4","downregulated in diseased group"
"RP11-545I5.3",1.56549273094592e-19,-1.52265177927261,0.015,0.032,4.33860655454353e-15,"RP11-545I5.3","AS_Group_MemoryCD4_vs_Healthy_MemoryCD4","downregulated in diseased group"
"ERMN",1.93457018611025e-19,-1.49551008125483,0.011,0.026,5.36146781378594e-15,"ERMN","AS_Group_MemoryCD4_vs_Healthy_MemoryCD4","downregulated in diseased group"
"RP11-819C21.1",2.66252328540089e-19,-1.42903418667772,0.019,0.038,7.37891703316003e-15,"RP11-819C21.1","AS_Group_MemoryCD4_vs_Healthy_MemoryCD4","downregulated in diseased group"
"TRGV5",4.41663241883146e-19,-1.02368561512366,0.038,0.063,1.22402550855495e-14,"TRGV5","AS_Group_MemoryCD4_vs_Healthy_MemoryCD4","downregulated in diseased group"
"KIR2DL3",4.89611694638805e-19,-1.40785061654426,0.014,0.03,1.35690985052198e-14,"KIR2DL3","AS_Group_MemoryCD4_vs_Healthy_MemoryCD4","downregulated in diseased group"
"CD177.1",5.06883245424888e-19,-1.03853327352049,0.035,0.058,1.40477622637053e-14,"CD177.1","AS_Group_MemoryCD4_vs_Healthy_MemoryCD4","downregulated in diseased group"
"CTC-505O3.3",8.4377676448326e-19,-1.11178838003988,0.022,0.042,2.33844292508891e-14,"CTC-505O3.3","AS_Group_MemoryCD4_vs_Healthy_MemoryCD4","downregulated in diseased group"
"RP11-285F7.2",1.223219832493e-18,-1.09614635518379,0.021,0.04,3.3900314437711e-14,"RP11-285F7.2","AS_Group_MemoryCD4_vs_Healthy_MemoryCD4","downregulated in diseased group"
"KLRK1",1.57256050203563e-18,-1.06981118135806,0.026,0.047,4.35819417534154e-14,"KLRK1","AS_Group_MemoryCD4_vs_Healthy_MemoryCD4","downregulated in diseased group"
"LRRC37A2",2.18156002994738e-18,-1.34117344984749,0.018,0.036,6.04597546699618e-14,"LRRC37A2","AS_Group_MemoryCD4_vs_Healthy_MemoryCD4","downregulated in diseased group"
"DAB2",2.54133159848904e-18,-1.41282233244389,0.012,0.027,7.04304639205253e-14,"DAB2","AS_Group_MemoryCD4_vs_Healthy_MemoryCD4","downregulated in diseased group"
"RP11-108M9.4",2.79490390422765e-18,-1.12056526360159,0.024,0.045,7.74579668017652e-14,"RP11-108M9.4","AS_Group_MemoryCD4_vs_Healthy_MemoryCD4","downregulated in diseased group"
"AGAP6",2.9496273715891e-18,-1.32366398105297,0.015,0.032,8.17459729762203e-14,"AGAP6","AS_Group_MemoryCD4_vs_Healthy_MemoryCD4","downregulated in diseased group"
"HIST1H2BG",3.65604651721221e-18,-1.25672246867844,0.02,0.039,1.01323673178019e-13,"HIST1H2BG","AS_Group_MemoryCD4_vs_Healthy_MemoryCD4","downregulated in diseased group"
"RP11-334C17.5",3.91752804850972e-18,-1.1791917828009,0.02,0.038,1.08570372336398e-13,"RP11-334C17.5","AS_Group_MemoryCD4_vs_Healthy_MemoryCD4","downregulated in diseased group"
"ICA1L",4.1554488122736e-18,-1.01112036659295,0.033,0.055,1.1516410838335e-13,"ICA1L","AS_Group_MemoryCD4_vs_Healthy_MemoryCD4","downregulated in diseased group"
"RP11-385D13.3",4.50004595085472e-18,-1.49171063123013,0.012,0.027,1.24714273481988e-13,"RP11-385D13.3","AS_Group_MemoryCD4_vs_Healthy_MemoryCD4","downregulated in diseased group"
"RP5-1092A3.4",8.1916332413909e-18,-1.48391477723653,0.01,0.024,2.27022923651907e-13,"RP5-1092A3.4","AS_Group_MemoryCD4_vs_Healthy_MemoryCD4","downregulated in diseased group"
"IGF1R",8.87352600037307e-18,-1.23367382069309,0.021,0.04,2.45920899574339e-13,"IGF1R","AS_Group_MemoryCD4_vs_Healthy_MemoryCD4","downregulated in diseased group"
"CD137-4-1BB",9.34733114016045e-18,-1.18613796019826,0.018,0.036,2.59051935218407e-13,"CD137-4-1BB","AS_Group_MemoryCD4_vs_Healthy_MemoryCD4","downregulated in diseased group"
"ITGAX",9.64025363242872e-18,-1.10979788066623,0.032,0.054,2.6716998916913e-13,"ITGAX","AS_Group_MemoryCD4_vs_Healthy_MemoryCD4","downregulated in diseased group"
"NPHP3",1.02798395915894e-17,-1.00970127987852,0.033,0.055,2.84895474441309e-13,"NPHP3","AS_Group_MemoryCD4_vs_Healthy_MemoryCD4","downregulated in diseased group"
"TSHZ2",1.18280602392929e-17,-1.11635783792612,0.032,0.053,3.27802861471762e-13,"TSHZ2","AS_Group_MemoryCD4_vs_Healthy_MemoryCD4","downregulated in diseased group"
"RP11-631N16.2",1.76232408666581e-17,-1.06781542608475,0.019,0.037,4.88410497378562e-13,"RP11-631N16.2","AS_Group_MemoryCD4_vs_Healthy_MemoryCD4","downregulated in diseased group"
"CD172a-SIRPalpha",2.48015371327429e-17,-1.00988048686132,0.028,0.048,6.87349800096838e-13,"CD172a-SIRPalpha","AS_Group_MemoryCD4_vs_Healthy_MemoryCD4","downregulated in diseased group"
"ZMYM6",2.73951011568849e-17,-1.00249514166246,0.029,0.05,7.59227833461909e-13,"ZMYM6","AS_Group_MemoryCD4_vs_Healthy_MemoryCD4","downregulated in diseased group"
"HBA2",2.97299342641568e-17,-2.90045148624236,0.015,0.031,8.23935398196841e-13,"HBA2","AS_Group_MemoryCD4_vs_Healthy_MemoryCD4","downregulated in diseased group"
"AC110615.1",3.68869166632537e-17,-2.3009450218119,0.003,0.013,1.02228400840541e-12,"AC110615.1","AS_Group_MemoryCD4_vs_Healthy_MemoryCD4","downregulated in diseased group"
"ACTN1",3.81821800278178e-17,-1.14065639988065,0.029,0.049,1.05818093729094e-12,"ACTN1","AS_Group_MemoryCD4_vs_Healthy_MemoryCD4","downregulated in diseased group"
"RP11-582E3.6",4.48618781043032e-17,-1.40369026356669,0.017,0.034,1.24330208978266e-12,"RP11-582E3.6","AS_Group_MemoryCD4_vs_Healthy_MemoryCD4","downregulated in diseased group"
"CD304-Neuropilin-1",4.96868940810928e-17,-1.11021108049784,0.024,0.042,1.37702258256341e-12,"CD304-Neuropilin-1","AS_Group_MemoryCD4_vs_Healthy_MemoryCD4","downregulated in diseased group"
"AGAP1",5.12762041673681e-17,-1.01445657561088,0.035,0.057,1.42106872229444e-12,"AGAP1","AS_Group_MemoryCD4_vs_Healthy_MemoryCD4","downregulated in diseased group"
"CEP126",9.36247971346807e-17,-1.05477923488712,0.029,0.05,2.59471762779054e-12,"CEP126","AS_Group_MemoryCD4_vs_Healthy_MemoryCD4","downregulated in diseased group"
"CD185-CXCR5",1.02621557822289e-16,-1.15609890573035,0.024,0.043,2.84405385348691e-12,"CD185-CXCR5","AS_Group_MemoryCD4_vs_Healthy_MemoryCD4","downregulated in diseased group"
"NBPF20",1.61740420405811e-16,-1.7790694717685,0.006,0.018,4.48247401112665e-12,"NBPF20","AS_Group_MemoryCD4_vs_Healthy_MemoryCD4","downregulated in diseased group"
"FMN1",2.26083161158926e-16,-1.10976027349044,0.017,0.033,6.26566872835847e-12,"FMN1","AS_Group_MemoryCD4_vs_Healthy_MemoryCD4","downregulated in diseased group"
"GOLGA8N",2.39327722106606e-16,-1.3314001770858,0.012,0.027,6.63272849046248e-12,"GOLGA8N","AS_Group_MemoryCD4_vs_Healthy_MemoryCD4","downregulated in diseased group"
"XXbac-BPGBPG55C20.2",3.59493917938838e-16,-1.05426587194494,0.031,0.051,9.96301444175696e-12,"XXbac-BPGBPG55C20.2","AS_Group_MemoryCD4_vs_Healthy_MemoryCD4","downregulated in diseased group"
"RP11-258C19.7",4.79332538491769e-16,-1.9938375336855,0.005,0.016,1.32842219717609e-11,"RP11-258C19.7","AS_Group_MemoryCD4_vs_Healthy_MemoryCD4","downregulated in diseased group"
"SLC16A10",4.80081243811554e-16,-1.87398196025216,0.007,0.018,1.33049715909934e-11,"SLC16A10","AS_Group_MemoryCD4_vs_Healthy_MemoryCD4","downregulated in diseased group"
"FAM153B",4.90128272006494e-16,-2.33032102109569,0.003,0.012,1.3583414930388e-11,"FAM153B","AS_Group_MemoryCD4_vs_Healthy_MemoryCD4","downregulated in diseased group"
"RNF165",6.00157512499169e-16,-1.77048489053925,0.008,0.02,1.6632765301402e-11,"RNF165","AS_Group_MemoryCD4_vs_Healthy_MemoryCD4","downregulated in diseased group"
"NOTCH2NL",7.26947647811639e-16,-1.39109906104099,0.012,0.026,2.01466271114518e-11,"NOTCH2NL","AS_Group_MemoryCD4_vs_Healthy_MemoryCD4","downregulated in diseased group"
"RP11-161M6.2",1.11367657407706e-15,-1.90447708605827,0.005,0.015,3.08644325739716e-11,"RP11-161M6.2","AS_Group_MemoryCD4_vs_Healthy_MemoryCD4","downregulated in diseased group"
"C10orf12",1.16719107208849e-15,-1.04805474281555,0.023,0.041,3.23475333718604e-11,"C10orf12","AS_Group_MemoryCD4_vs_Healthy_MemoryCD4","downregulated in diseased group"
"RABL2A",1.30360957545885e-15,-1.40837018776176,0.011,0.024,3.61282357742666e-11,"RABL2A","AS_Group_MemoryCD4_vs_Healthy_MemoryCD4","downregulated in diseased group"
"CHST2",1.56331596038141e-15,-1.05472025425844,0.018,0.034,4.33257385260105e-11,"CHST2","AS_Group_MemoryCD4_vs_Healthy_MemoryCD4","downregulated in diseased group"
"CCDC141",3.85749771211345e-15,-1.0553246756081,0.016,0.032,1.06906691593512e-10,"CCDC141","AS_Group_MemoryCD4_vs_Healthy_MemoryCD4","downregulated in diseased group"
"RBAK",4.99311331088636e-15,-1.00696277776642,0.03,0.049,1.38379142297905e-10,"RBAK","AS_Group_MemoryCD4_vs_Healthy_MemoryCD4","downregulated in diseased group"
"CTD-2537I9.12",5.81059985987468e-15,-1.63565586554683,0.01,0.023,1.61034964516567e-10,"CTD-2537I9.12","AS_Group_MemoryCD4_vs_Healthy_MemoryCD4","downregulated in diseased group"
"QSER1",1.04284129340981e-14,-1.01577787468943,0.021,0.037,2.89013036055596e-10,"QSER1","AS_Group_MemoryCD4_vs_Healthy_MemoryCD4","downregulated in diseased group"
"RP11-473M20.9",1.64433135110516e-14,-1.24546153329335,0.014,0.028,4.55709990645283e-10,"RP11-473M20.9","AS_Group_MemoryCD4_vs_Healthy_MemoryCD4","downregulated in diseased group"
"AL133245.2",1.85233433701776e-14,-1.77865048507325,0.004,0.014,5.13355938161103e-10,"AL133245.2","AS_Group_MemoryCD4_vs_Healthy_MemoryCD4","downregulated in diseased group"
"AK5",1.87155473132582e-14,-1.13184179859495,0.017,0.032,5.18682678239638e-10,"AK5","AS_Group_MemoryCD4_vs_Healthy_MemoryCD4","downregulated in diseased group"
"SEC31B",2.25246806736449e-14,-1.06468189911824,0.022,0.039,6.24249000189396e-10,"SEC31B","AS_Group_MemoryCD4_vs_Healthy_MemoryCD4","downregulated in diseased group"
"AC142472.6",2.36458855906401e-14,-1.26605034460807,0.015,0.029,6.55322073259e-10,"AC142472.6","AS_Group_MemoryCD4_vs_Healthy_MemoryCD4","downregulated in diseased group"
"LINC00954",2.53119777274266e-14,-1.3300034173693,0.013,0.026,7.014961507379e-10,"LINC00954","AS_Group_MemoryCD4_vs_Healthy_MemoryCD4","downregulated in diseased group"
"FAM153A",3.3657706239677e-14,-2.41919573777279,0.003,0.011,9.32789670726408e-10,"FAM153A","AS_Group_MemoryCD4_vs_Healthy_MemoryCD4","downregulated in diseased group"
"CD171-LICAM",3.58927601798295e-14,-1.07108107646877,0.019,0.035,9.94731955623794e-10,"CD171-LICAM","AS_Group_MemoryCD4_vs_Healthy_MemoryCD4","downregulated in diseased group"
"KIFC2",6.76099117857078e-14,-1.17383962382468,0.014,0.028,1.87374109522911e-09,"KIFC2","AS_Group_MemoryCD4_vs_Healthy_MemoryCD4","downregulated in diseased group"
"PWAR6",8.87296345144934e-14,-1.21894791786681,0.012,0.025,2.45905309093467e-09,"PWAR6","AS_Group_MemoryCD4_vs_Healthy_MemoryCD4","downregulated in diseased group"
"RHOBTB3",9.36973236248707e-14,-1.15446822951256,0.018,0.032,2.59672762693967e-09,"RHOBTB3","AS_Group_MemoryCD4_vs_Healthy_MemoryCD4","downregulated in diseased group"
"PLXNA3",1.05721807772445e-13,-1.00939620772886,0.025,0.042,2.92997418060554e-09,"PLXNA3","AS_Group_MemoryCD4_vs_Healthy_MemoryCD4","downregulated in diseased group"
"RP11-147L13.14",1.62435951885522e-13,-1.48322637825085,0.008,0.019,4.50174997055537e-09,"RP11-147L13.14","AS_Group_MemoryCD4_vs_Healthy_MemoryCD4","downregulated in diseased group"
"CTD-2260A17.1",1.83249729954828e-13,-1.45607322765914,0.011,0.023,5.07858301596811e-09,"CTD-2260A17.1","AS_Group_MemoryCD4_vs_Healthy_MemoryCD4","downregulated in diseased group"
"TET1",2.18945673512998e-13,-1.01322345153058,0.014,0.027,6.06786039573923e-09,"TET1","AS_Group_MemoryCD4_vs_Healthy_MemoryCD4","downregulated in diseased group"
"CLEC11A",3.42850115761909e-13,-1.2079126822955,0.011,0.024,9.50174810822554e-09,"CLEC11A","AS_Group_MemoryCD4_vs_Healthy_MemoryCD4","downregulated in diseased group"
"KIR2DL1",5.19471094478597e-13,-1.34042835001667,0.013,0.025,1.43966219123798e-08,"KIR2DL1","AS_Group_MemoryCD4_vs_Healthy_MemoryCD4","downregulated in diseased group"
"RP11-526I2.5",5.2713798909488e-13,-1.15501497030358,0.012,0.025,1.46091022297755e-08,"RP11-526I2.5","AS_Group_MemoryCD4_vs_Healthy_MemoryCD4","downregulated in diseased group"
"ZGRF1",5.82687019648794e-13,-1.14194788878467,0.012,0.025,1.61485880625467e-08,"ZGRF1","AS_Group_MemoryCD4_vs_Healthy_MemoryCD4","downregulated in diseased group"
"CTD-2017D11.1",7.42474444917436e-13,-1.25986978247792,0.013,0.026,2.05769367664418e-08,"CTD-2017D11.1","AS_Group_MemoryCD4_vs_Healthy_MemoryCD4","downregulated in diseased group"
"AGAP4",7.76053189072928e-13,-1.35324920451545,0.008,0.019,2.15075380819671e-08,"AGAP4","AS_Group_MemoryCD4_vs_Healthy_MemoryCD4","downregulated in diseased group"
"CD86.1",8.61278749781297e-13,-1.12033177400545,0.02,0.034,2.38694792714389e-08,"CD86.1","AS_Group_MemoryCD4_vs_Healthy_MemoryCD4","downregulated in diseased group"
"FRMD4B",8.93420859790942e-13,-1.02312810799347,0.03,0.048,2.47602657082462e-08,"FRMD4B","AS_Group_MemoryCD4_vs_Healthy_MemoryCD4","downregulated in diseased group"
"RP11-159D12.2",1.17623873069273e-12,-1.32304447840026,0.01,0.021,3.25982801824182e-08,"RP11-159D12.2","AS_Group_MemoryCD4_vs_Healthy_MemoryCD4","downregulated in diseased group"
"GPR89B",1.75780913372188e-12,-1.08440477123553,0.017,0.031,4.87159223319683e-08,"GPR89B","AS_Group_MemoryCD4_vs_Healthy_MemoryCD4","downregulated in diseased group"
"C1RL-AS1",1.85009314286326e-12,-1.15017458332345,0.016,0.03,5.12734813613125e-08,"C1RL-AS1","AS_Group_MemoryCD4_vs_Healthy_MemoryCD4","downregulated in diseased group"
"CD268-BAFF-R",2.46675732711078e-12,-1.13945696297753,0.02,0.034,6.83637125635481e-08,"CD268-BAFF-R","AS_Group_MemoryCD4_vs_Healthy_MemoryCD4","downregulated in diseased group"
"HAUS7",3.01621053887955e-12,-1.21894365607022,0.01,0.021,8.35912588745079e-08,"HAUS7","AS_Group_MemoryCD4_vs_Healthy_MemoryCD4","downregulated in diseased group"
"NEIL1",3.79967702712397e-12,-1.10653407372249,0.024,0.039,1.05304249129714e-07,"NEIL1","AS_Group_MemoryCD4_vs_Healthy_MemoryCD4","downregulated in diseased group"
"TPM2",5.62563193105633e-12,-1.31448886082901,0.011,0.022,1.55908763337295e-07,"TPM2","AS_Group_MemoryCD4_vs_Healthy_MemoryCD4","downregulated in diseased group"
"CTD-2017F17.2",6.52013940045701e-12,-1.28552571623566,0.01,0.021,1.80699143344266e-07,"CTD-2017F17.2","AS_Group_MemoryCD4_vs_Healthy_MemoryCD4","downregulated in diseased group"
"RP11-571I18.5",7.18706585246478e-12,-1.96191952756377,0.003,0.01,1.99182343035209e-07,"RP11-571I18.5","AS_Group_MemoryCD4_vs_Healthy_MemoryCD4","downregulated in diseased group"
"RP11-701H24.9",8.65973053753925e-12,-1.00018307599144,0.012,0.023,2.39995772117363e-07,"RP11-701H24.9","AS_Group_MemoryCD4_vs_Healthy_MemoryCD4","downregulated in diseased group"
"NBPF26",1.06036475677609e-11,-1.30862941662009,0.008,0.018,2.93869488692925e-07,"NBPF26","AS_Group_MemoryCD4_vs_Healthy_MemoryCD4","downregulated in diseased group"
"LINC00624",1.81444559909581e-11,-2.04025275057526,0.004,0.011,5.02855453333414e-07,"LINC00624","AS_Group_MemoryCD4_vs_Healthy_MemoryCD4","downregulated in diseased group"
"CTB-152G17.6",1.97046745528639e-11,-1.21411607587585,0.014,0.025,5.4609535055807e-07,"CTB-152G17.6","AS_Group_MemoryCD4_vs_Healthy_MemoryCD4","downregulated in diseased group"
"FKTN",2.23953370289236e-11,-1.13894141988958,0.016,0.028,6.2066437041959e-07,"FKTN","AS_Group_MemoryCD4_vs_Healthy_MemoryCD4","downregulated in diseased group"
"CD103-IntegrinalphaE",2.52054079546736e-11,-1.01975621326075,0.018,0.031,6.98542676055825e-07,"CD103-IntegrinalphaE","AS_Group_MemoryCD4_vs_Healthy_MemoryCD4","downregulated in diseased group"
"CD273-B7-DC-PD-L2",2.98958547705169e-11,-1.01110819955676,0.02,0.034,8.28533719110107e-07,"CD273-B7-DC-PD-L2","AS_Group_MemoryCD4_vs_Healthy_MemoryCD4","downregulated in diseased group"
"BCL9",3.04207901389056e-11,-1.57073589102997,0.006,0.015,8.43081777909631e-07,"BCL9","AS_Group_MemoryCD4_vs_Healthy_MemoryCD4","downregulated in diseased group"
"ARL17B",3.535271092963e-11,-1.19028145643638,0.013,0.024,9.79765030703765e-07,"ARL17B","AS_Group_MemoryCD4_vs_Healthy_MemoryCD4","downregulated in diseased group"
"PLXDC1",4.62306062778179e-11,-1.08825738951405,0.011,0.021,1.28123502238344e-06,"PLXDC1","AS_Group_MemoryCD4_vs_Healthy_MemoryCD4","downregulated in diseased group"
"CD20",4.69743851404712e-11,-1.32418422069818,0.012,0.023,1.30184810978302e-06,"CD20","AS_Group_MemoryCD4_vs_Healthy_MemoryCD4","downregulated in diseased group"
"SOX4",4.95361125419281e-11,-1.3344264259789,0.012,0.024,1.372843822987e-06,"SOX4","AS_Group_MemoryCD4_vs_Healthy_MemoryCD4","downregulated in diseased group"
"RALGPS2",6.20864393451391e-11,-1.07820363140283,0.018,0.031,1.72066358001118e-06,"RALGPS2","AS_Group_MemoryCD4_vs_Healthy_MemoryCD4","downregulated in diseased group"
"LRRC8B",6.40781426343976e-11,-1.11747811138831,0.012,0.023,1.77586164496969e-06,"LRRC8B","AS_Group_MemoryCD4_vs_Healthy_MemoryCD4","downregulated in diseased group"
"GPRASP1",8.43248538127298e-11,-1.12275763786827,0.015,0.027,2.33697899856599e-06,"GPRASP1","AS_Group_MemoryCD4_vs_Healthy_MemoryCD4","downregulated in diseased group"
"PPP1R9A",9.46061622309718e-11,-2.08673479906159,0.003,0.01,2.62191518006915e-06,"PPP1R9A","AS_Group_MemoryCD4_vs_Healthy_MemoryCD4","downregulated in diseased group"
"CDK2AP1",1.16273031936984e-10,-1.3890198996596,0.005,0.013,3.22239080710156e-06,"CDK2AP1","AS_Group_MemoryCD4_vs_Healthy_MemoryCD4","downregulated in diseased group"
"CYSLTR1",1.18441910668861e-10,-1.04634523639919,0.019,0.031,3.28249911227681e-06,"CYSLTR1","AS_Group_MemoryCD4_vs_Healthy_MemoryCD4","downregulated in diseased group"
"RP11-798G7.8",1.38048194144935e-10,-1.5248190884339,0.008,0.016,3.82586765253272e-06,"RP11-798G7.8","AS_Group_MemoryCD4_vs_Healthy_MemoryCD4","downregulated in diseased group"
"RP11-277P12.20",1.39017492542139e-10,-1.03503131221049,0.017,0.03,3.85273078831283e-06,"RP11-277P12.20","AS_Group_MemoryCD4_vs_Healthy_MemoryCD4","downregulated in diseased group"
"RP11-50I19.2",2.20291957365523e-10,-1.02761931858803,0.017,0.029,6.1051713064281e-06,"RP11-50I19.2","AS_Group_MemoryCD4_vs_Healthy_MemoryCD4","downregulated in diseased group"
"LRRC16A",3.24309095783975e-10,-1.54294408792281,0.005,0.012,8.98790228055709e-06,"LRRC16A","AS_Group_MemoryCD4_vs_Healthy_MemoryCD4","downregulated in diseased group"
"MAP3K7CL",7.85351836259691e-10,-1.40762117506106,0.009,0.019,2.17652407901011e-05,"MAP3K7CL","AS_Group_MemoryCD4_vs_Healthy_MemoryCD4","downregulated in diseased group"
"BNC2",1.15525575772918e-09,-1.7998891991904,0.004,0.011,3.20167580697065e-05,"BNC2","AS_Group_MemoryCD4_vs_Healthy_MemoryCD4","downregulated in diseased group"
"RP11-260M2.1",1.52951365782615e-09,-1.36115752414138,0.008,0.017,4.23889415129939e-05,"RP11-260M2.1","AS_Group_MemoryCD4_vs_Healthy_MemoryCD4","downregulated in diseased group"
"FARP1",1.89434503702307e-09,-1.02606616956643,0.013,0.023,5.24998783560573e-05,"FARP1","AS_Group_MemoryCD4_vs_Healthy_MemoryCD4","downregulated in diseased group"
"NRGN",1.98422711515832e-09,-1.70398312337025,0.006,0.013,5.49908702694977e-05,"NRGN","AS_Group_MemoryCD4_vs_Healthy_MemoryCD4","downregulated in diseased group"
"RP11-793H13.3",2.6783182769106e-09,-1.95520766570568,0.004,0.011,7.42269127263003e-05,"RP11-793H13.3","AS_Group_MemoryCD4_vs_Healthy_MemoryCD4","downregulated in diseased group"
"DSEL",3.30683354959453e-09,-1.18640655417242,0.01,0.019,9.16455849934629e-05,"DSEL","AS_Group_MemoryCD4_vs_Healthy_MemoryCD4","downregulated in diseased group"
"CH507-9B2.5",3.36825363821491e-09,-1.53153601965993,0.008,0.016,9.33477813294881e-05,"CH507-9B2.5","AS_Group_MemoryCD4_vs_Healthy_MemoryCD4","downregulated in diseased group"
"ACVR1C",3.37911886269905e-09,-1.52895987842353,0.006,0.013,9.36489001608414e-05,"ACVR1C","AS_Group_MemoryCD4_vs_Healthy_MemoryCD4","downregulated in diseased group"
"RP11-1114A5.4",4.19167068377606e-09,-1.56501756830995,0.005,0.012,0.00011616796133017,"RP11-1114A5.4","AS_Group_MemoryCD4_vs_Healthy_MemoryCD4","downregulated in diseased group"
"RP11-890B15.3",4.44892449887886e-09,-1.22200415448066,0.007,0.015,0.000123297493561929,"RP11-890B15.3","AS_Group_MemoryCD4_vs_Healthy_MemoryCD4","downregulated in diseased group"
"SULT1A3",5.17899786411589e-09,-1.16164244923635,0.011,0.02,0.000143530746806108,"SULT1A3","AS_Group_MemoryCD4_vs_Healthy_MemoryCD4","downregulated in diseased group"
"GARP-LRRC32",7.50370218325243e-09,-1.11874526635235,0.013,0.022,0.000207957602306658,"GARP-LRRC32","AS_Group_MemoryCD4_vs_Healthy_MemoryCD4","downregulated in diseased group"
"IgD",7.83482497925092e-09,-1.61515529038558,0.027,0.039,0.00021713433947496,"IgD","AS_Group_MemoryCD4_vs_Healthy_MemoryCD4","downregulated in diseased group"
"TMEM147-AS1",7.97250928493464e-09,-1.27514578929913,0.006,0.014,0.000220950122322679,"TMEM147-AS1","AS_Group_MemoryCD4_vs_Healthy_MemoryCD4","downregulated in diseased group"
"ZNF577",1.00680487408205e-08,-1.14366975264681,0.007,0.014,0.0002790259028031,"ZNF577","AS_Group_MemoryCD4_vs_Healthy_MemoryCD4","downregulated in diseased group"
"RP11-707M3.3",1.15771695693602e-08,-1.45857795007874,0.005,0.011,0.000320849677445248,"RP11-707M3.3","AS_Group_MemoryCD4_vs_Healthy_MemoryCD4","downregulated in diseased group"
"EBLN2",1.34150352723579e-08,-1.12494971331772,0.013,0.023,0.000371784287538128,"EBLN2","AS_Group_MemoryCD4_vs_Healthy_MemoryCD4","downregulated in diseased group"
"PLAG1",1.59889718090077e-08,-1.20761958325971,0.006,0.013,0.000443118364714839,"PLAG1","AS_Group_MemoryCD4_vs_Healthy_MemoryCD4","downregulated in diseased group"
"NPIPB11",1.64208245952063e-08,-1.10071625356349,0.007,0.014,0.000455086732831549,"NPIPB11","AS_Group_MemoryCD4_vs_Healthy_MemoryCD4","downregulated in diseased group"
"RP11-415F23.2",1.67387876902103e-08,-1.21724555453019,0.008,0.016,0.000463898762046489,"RP11-415F23.2","AS_Group_MemoryCD4_vs_Healthy_MemoryCD4","downregulated in diseased group"
"CH507-9B2.9",1.78170319908365e-08,-1.18427584716271,0.01,0.018,0.000493781224594044,"CH507-9B2.9","AS_Group_MemoryCD4_vs_Healthy_MemoryCD4","downregulated in diseased group"
"NBPF10",1.85561403143889e-08,-1.34896367178444,0.006,0.013,0.000514264872672975,"NBPF10","AS_Group_MemoryCD4_vs_Healthy_MemoryCD4","downregulated in diseased group"
"RP11-572O17.1",3.23968313542863e-08,-1.07203224381648,0.009,0.017,0.000897845784152691,"RP11-572O17.1","AS_Group_MemoryCD4_vs_Healthy_MemoryCD4","downregulated in diseased group"
"HIST1H2AJ",3.5977761767637e-08,-1.42875519334913,0.005,0.012,0.000997087689628291,"HIST1H2AJ","AS_Group_MemoryCD4_vs_Healthy_MemoryCD4","downregulated in diseased group"
"KLHL3",4.70794877690539e-08,-1.092344901034,0.012,0.02,0.00130476092403156,"KLHL3","AS_Group_MemoryCD4_vs_Healthy_MemoryCD4","downregulated in diseased group"
"ACVR2A",6.79268650934611e-08,-1.03972214314765,0.013,0.022,0.00188252513920018,"ACVR2A","AS_Group_MemoryCD4_vs_Healthy_MemoryCD4","downregulated in diseased group"
"CABP4",7.09126471058062e-08,-1.2117232851265,0.009,0.016,0.00196527310189031,"CABP4","AS_Group_MemoryCD4_vs_Healthy_MemoryCD4","downregulated in diseased group"
"ACRC",8.488582341233e-08,-1.04173688621936,0.012,0.02,0.00235252571004931,"ACRC","AS_Group_MemoryCD4_vs_Healthy_MemoryCD4","downregulated in diseased group"
"HNRNPA1L2",8.52852308469527e-08,-1.03167560659572,0.015,0.024,0.00236359488769245,"HNRNPA1L2","AS_Group_MemoryCD4_vs_Healthy_MemoryCD4","downregulated in diseased group"
"AC093609.1",9.17793355969294e-08,-1.16392864696756,0.007,0.014,0.0025435725067333,"AC093609.1","AS_Group_MemoryCD4_vs_Healthy_MemoryCD4","downregulated in diseased group"
"RP11-479G22.8",1.1565531369075e-07,-1.05497973176688,0.013,0.022,0.00320527136362545,"RP11-479G22.8","AS_Group_MemoryCD4_vs_Healthy_MemoryCD4","downregulated in diseased group"
"FADS1",1.2654702062089e-07,-1.01502441120753,0.013,0.022,0.00350712412948734,"FADS1","AS_Group_MemoryCD4_vs_Healthy_MemoryCD4","downregulated in diseased group"
"LINC01473",1.32488603284238e-07,-1.29738037725387,0.005,0.011,0.00367178915141938,"LINC01473","AS_Group_MemoryCD4_vs_Healthy_MemoryCD4","downregulated in diseased group"
"ARL10",1.61387291279456e-07,-1.11443537960576,0.009,0.016,0.00447268739051886,"ARL10","AS_Group_MemoryCD4_vs_Healthy_MemoryCD4","downregulated in diseased group"
"MBNL1-AS1",1.72683068058665e-07,-1.11237985875703,0.019,0.029,0.00478573854817784,"MBNL1-AS1","AS_Group_MemoryCD4_vs_Healthy_MemoryCD4","downregulated in diseased group"
"RP11-499P20.2",1.81876076281031e-07,-1.36284300920372,0.005,0.011,0.0050405135780525,"RP11-499P20.2","AS_Group_MemoryCD4_vs_Healthy_MemoryCD4","downregulated in diseased group"
"SMN1",1.99048859764787e-07,-1.00193653056976,0.012,0.02,0.00551644009952132,"SMN1","AS_Group_MemoryCD4_vs_Healthy_MemoryCD4","downregulated in diseased group"
"CDCA7L",2.50757586616673e-07,-1.07793376152387,0.008,0.015,0.00694949575549447,"CDCA7L","AS_Group_MemoryCD4_vs_Healthy_MemoryCD4","downregulated in diseased group"
"KCNQ1",2.53362617958883e-07,-1.13745893814748,0.007,0.014,0.00702169159411249,"KCNQ1","AS_Group_MemoryCD4_vs_Healthy_MemoryCD4","downregulated in diseased group"
"NOG",2.55214490793338e-07,-1.61523273791652,0.004,0.01,0.00707301439784656,"NOG","AS_Group_MemoryCD4_vs_Healthy_MemoryCD4","downregulated in diseased group"
"AFF3",2.70779997979581e-07,-1.14246576973914,0.008,0.014,0.0075043968640061,"AFF3","AS_Group_MemoryCD4_vs_Healthy_MemoryCD4","downregulated in diseased group"
"TFCP2L1",2.96654890331513e-07,-1.40435739905303,0.006,0.012,0.00822149363064754,"TFCP2L1","AS_Group_MemoryCD4_vs_Healthy_MemoryCD4","downregulated in diseased group"
"RP11-147L13.12",4.06481458799224e-07,-1.5027426498714,0.005,0.01,0.0112652271491617,"RP11-147L13.12","AS_Group_MemoryCD4_vs_Healthy_MemoryCD4","downregulated in diseased group"
"RP5-1112D6.8",4.55114555495762e-07,-1.38548844358103,0.005,0.011,0.0126130447910095,"RP5-1112D6.8","AS_Group_MemoryCD4_vs_Healthy_MemoryCD4","downregulated in diseased group"
"GOLGA8R",4.94587702567522e-07,-1.1759606241337,0.007,0.014,0.0137070035889563,"GOLGA8R","AS_Group_MemoryCD4_vs_Healthy_MemoryCD4","downregulated in diseased group"
"RP11-770J1.5",5.30261021437288e-07,-1.13837009027017,0.005,0.01,0.014695653948113,"RP11-770J1.5","AS_Group_MemoryCD4_vs_Healthy_MemoryCD4","downregulated in diseased group"
"SPATA6",6.0838191640514e-07,-1.43179925210307,0.005,0.011,0.016860696431252,"SPATA6","AS_Group_MemoryCD4_vs_Healthy_MemoryCD4","downregulated in diseased group"
"NPIPA1",7.71705949292524e-07,-1.09296592080274,0.009,0.016,0.021387058678693,"NPIPA1","AS_Group_MemoryCD4_vs_Healthy_MemoryCD4","downregulated in diseased group"
"KIAA1107",8.10160679232943e-07,-1.05176569543382,0.007,0.014,0.0224527930642618,"KIAA1107","AS_Group_MemoryCD4_vs_Healthy_MemoryCD4","downregulated in diseased group"
"RP5-1074L1.4",8.32838700348633e-07,-1.14091425074091,0.006,0.012,0.023081291741462,"RP5-1074L1.4","AS_Group_MemoryCD4_vs_Healthy_MemoryCD4","downregulated in diseased group"
"CATSPER2",8.87602845916365e-07,-1.0639021276841,0.012,0.019,0.0245990252717261,"CATSPER2","AS_Group_MemoryCD4_vs_Healthy_MemoryCD4","downregulated in diseased group"
"FCGBP",1.00713213435071e-06,-1.05604857999572,0.008,0.015,0.0279116599713956,"FCGBP","AS_Group_MemoryCD4_vs_Healthy_MemoryCD4","downregulated in diseased group"
"AMT",1.01008540414057e-06,-1.10870231904281,0.006,0.011,0.0279935068903518,"AMT","AS_Group_MemoryCD4_vs_Healthy_MemoryCD4","downregulated in diseased group"
"RP11-467L13.7",1.04272073878944e-06,-1.00562864361713,0.007,0.013,0.0288979625548106,"RP11-467L13.7","AS_Group_MemoryCD4_vs_Healthy_MemoryCD4","downregulated in diseased group"
"GOLGA6L4",1.07632944521244e-06,-1.36541827452102,0.005,0.01,0.0298293942446176,"GOLGA6L4","AS_Group_MemoryCD4_vs_Healthy_MemoryCD4","downregulated in diseased group"
"AGAP9",1.13174883443969e-06,-1.17088005771287,0.008,0.014,0.0313652871976617,"AGAP9","AS_Group_MemoryCD4_vs_Healthy_MemoryCD4","downregulated in diseased group"
"SLC24A1",1.2456196513733e-06,-1.07909684938919,0.008,0.014,0.0345211030181597,"SLC24A1","AS_Group_MemoryCD4_vs_Healthy_MemoryCD4","downregulated in diseased group"
"DISC1",1.28795649274423e-06,-1.21366187116481,0.007,0.013,0.0356944262399137,"DISC1","AS_Group_MemoryCD4_vs_Healthy_MemoryCD4","downregulated in diseased group"
"ANKDD1A",1.42657650696938e-06,-1.04619685036785,0.011,0.019,0.0395361413141493,"ANKDD1A","AS_Group_MemoryCD4_vs_Healthy_MemoryCD4","downregulated in diseased group"
"LINC00294",1.50662870982336e-06,-1.05250694736501,0.01,0.017,0.0417547080640447,"LINC00294","AS_Group_MemoryCD4_vs_Healthy_MemoryCD4","downregulated in diseased group"
"RP11-481J2.4",1.60565445120496e-06,-1.08014876979434,0.005,0.01,0.0444991074606944,"RP11-481J2.4","AS_Group_MemoryCD4_vs_Healthy_MemoryCD4","downregulated in diseased group"
"ZNF154",1.72431556310077e-06,-1.28104125973826,0.005,0.01,0.0477876815157748,"ZNF154","AS_Group_MemoryCD4_vs_Healthy_MemoryCD4","downregulated in diseased group"
"LMOD3",1.8200427058527e-06,-1.00128238345012,0.011,0.018,0.0504406635500018,"LMOD3","AS_Group_MemoryCD4_vs_Healthy_MemoryCD4","downregulated in diseased group"
"TP73-AS1",2.37750273767336e-06,-1.07005400555177,0.007,0.014,0.0658901108718796,"TP73-AS1","AS_Group_MemoryCD4_vs_Healthy_MemoryCD4","downregulated in diseased group"
"BFSP1",2.55602929576709e-06,-1.04896162825606,0.008,0.014,0.0708377959028892,"BFSP1","AS_Group_MemoryCD4_vs_Healthy_MemoryCD4","downregulated in diseased group"
"TCF4",3.32016625857303e-06,-1.30623772151585,0.006,0.012,0.0920150876900929,"TCF4","AS_Group_MemoryCD4_vs_Healthy_MemoryCD4","downregulated in diseased group"
"RP11-245J9.4",3.36449209326286e-06,-1.23367466125154,0.005,0.01,0.093243533872687,"RP11-245J9.4","AS_Group_MemoryCD4_vs_Healthy_MemoryCD4","downregulated in diseased group"
"AC007038.7",4.57988506102738e-06,-1.21859438391808,0.005,0.01,0.126926934581313,"AC007038.7","AS_Group_MemoryCD4_vs_Healthy_MemoryCD4","downregulated in diseased group"
"RP11-69E11.4",5.05853309654073e-06,-1.29350575305837,0.006,0.011,0.14019218623753,"RP11-69E11.4","AS_Group_MemoryCD4_vs_Healthy_MemoryCD4","downregulated in diseased group"
"RP11-181E10.3",6.84552997561781e-06,-1.14381969652105,0.007,0.013,0.189717017744272,"RP11-181E10.3","AS_Group_MemoryCD4_vs_Healthy_MemoryCD4","downregulated in diseased group"
"LINC00562",8.47629451120267e-06,-1.18150424359712,0.005,0.01,0.234912026083471,"LINC00562","AS_Group_MemoryCD4_vs_Healthy_MemoryCD4","downregulated in diseased group"
"AGAP5",9.61539509888519e-06,-1.093140858697,0.005,0.01,0.266481059770504,"AGAP5","AS_Group_MemoryCD4_vs_Healthy_MemoryCD4","downregulated in diseased group"
"SMPD3",9.9346380764705e-06,-1.08991794677407,0.008,0.014,0.275328559651303,"SMPD3","AS_Group_MemoryCD4_vs_Healthy_MemoryCD4","downregulated in diseased group"
"RP11-5C23.1",1.109569225472e-05,-1.01210979805981,0.007,0.013,0.307506015147311,"RP11-5C23.1","AS_Group_MemoryCD4_vs_Healthy_MemoryCD4","downregulated in diseased group"
"RP11-379K17.12",1.35576262646524e-05,-1.04950541354217,0.006,0.012,0.375736054298577,"RP11-379K17.12","AS_Group_MemoryCD4_vs_Healthy_MemoryCD4","downregulated in diseased group"
"MYCBP2-AS1",2.14872126323227e-05,-1.22849982984459,0.008,0.013,0.595496610892192,"MYCBP2-AS1","AS_Group_MemoryCD4_vs_Healthy_MemoryCD4","downregulated in diseased group"
"AC022182.3",2.20573794302167e-05,-1.12274567925485,0.006,0.011,0.611298213529026,"AC022182.3","AS_Group_MemoryCD4_vs_Healthy_MemoryCD4","downregulated in diseased group"
"C11orf65",2.64539906979054e-05,-1.03846259168111,0.008,0.014,0.733145898201751,"C11orf65","AS_Group_MemoryCD4_vs_Healthy_MemoryCD4","downregulated in diseased group"
"RP11-378J18.8",2.82901834334497e-05,-1.15825759650786,0.006,0.01,0.784034143674626,"RP11-378J18.8","AS_Group_MemoryCD4_vs_Healthy_MemoryCD4","downregulated in diseased group"
"ZNF347",3.28905882903821e-05,-1.01384725096962,0.006,0.011,0.911529763879648,"ZNF347","AS_Group_MemoryCD4_vs_Healthy_MemoryCD4","downregulated in diseased group"
"RP11-731C17.2",4.22940092372471e-05,-1.35423164067166,0.006,0.01,1,"RP11-731C17.2","AS_Group_MemoryCD4_vs_Healthy_MemoryCD4","downregulated in diseased group"
"PPIAL4G",4.61176604900051e-05,-1.19174007460613,0.007,0.012,1,"PPIAL4G","AS_Group_MemoryCD4_vs_Healthy_MemoryCD4","downregulated in diseased group"
"TAS2R30",4.95323822046306e-05,-1.091583014767,0.006,0.011,1,"TAS2R30","AS_Group_MemoryCD4_vs_Healthy_MemoryCD4","downregulated in diseased group"
"NEXN",6.94107876473849e-05,-1.24675300664261,0.007,0.012,1,"NEXN","AS_Group_MemoryCD4_vs_Healthy_MemoryCD4","downregulated in diseased group"
"RP11-166O4.6",7.26482866182837e-05,-1.04237832792737,0.007,0.011,1,"RP11-166O4.6","AS_Group_MemoryCD4_vs_Healthy_MemoryCD4","downregulated in diseased group"
"DST",7.7849130816598e-05,-1.31902940624559,0.005,0.01,1,"DST","AS_Group_MemoryCD4_vs_Healthy_MemoryCD4","downregulated in diseased group"
"MZB1",8.24467624599259e-05,-1.0424588936,0.01,0.016,1,"MZB1","AS_Group_MemoryCD4_vs_Healthy_MemoryCD4","downregulated in diseased group"
"RGS18",8.24919936170725e-05,-1.09225498379574,0.011,0.017,1,"RGS18","AS_Group_MemoryCD4_vs_Healthy_MemoryCD4","downregulated in diseased group"
"RP11-1399P15.1",0.000109921534614417,-1.05776128296226,0.007,0.012,1,"RP11-1399P15.1","AS_Group_MemoryCD4_vs_Healthy_MemoryCD4","downregulated in diseased group"
"AMY2B",0.000171817158835992,-1.05628553706831,0.006,0.011,1,"AMY2B","AS_Group_MemoryCD4_vs_Healthy_MemoryCD4","downregulated in diseased group"
"AC240274.1",0.000181589142857999,-1.06712542711546,0.006,0.01,1,"AC240274.1","AS_Group_MemoryCD4_vs_Healthy_MemoryCD4","downregulated in diseased group"
"AL354822.1",0.000224078214266764,-1.04418996030862,0.006,0.01,1,"AL354822.1","AS_Group_MemoryCD4_vs_Healthy_MemoryCD4","downregulated in diseased group"
"C1QTNF6",0.000283846590453899,-1.013674500725,0.007,0.012,1,"C1QTNF6","AS_Group_MemoryCD4_vs_Healthy_MemoryCD4","downregulated in diseased group"
"RP11-334J6.7",0.000429241754038277,-1.18197597629125,0.006,0.01,1,"RP11-334J6.7","AS_Group_MemoryCD4_vs_Healthy_MemoryCD4","downregulated in diseased group"
"ZFHX3",0.000994884932406712,-1.02831441485246,0.009,0.014,1,"ZFHX3","AS_Group_MemoryCD4_vs_Healthy_MemoryCD4","downregulated in diseased group"
"DND1",0.00182540003139945,-1.02038934769155,0.006,0.01,1,"DND1","AS_Group_MemoryCD4_vs_Healthy_MemoryCD4","downregulated in diseased group"
"PADI4",0.00300108968635748,-1.09655481404272,0.007,0.011,1,"PADI4","AS_Group_MemoryCD4_vs_Healthy_MemoryCD4","downregulated in diseased group"
"CFLAR-AS1",0.00415265916834273,-1.0823112891114,0.007,0.01,1,"CFLAR-AS1","AS_Group_MemoryCD4_vs_Healthy_MemoryCD4","downregulated in diseased group"
